日付,USDJPY終値,USDJPY始値,USDJPY高値,USDJPY安値,USDJPY前日比%
2020年2月10日,109.75,109.86,109.89,109.56,0.02%
2020年2月7日,109.73,110,110.03,109.53,-0.25%
2020年2月6日,110,109.81,110,109.72,0.17%
2020年2月5日,109.81,109.53,109.86,109.31,0.26%
2020年2月4日,109.53,108.69,109.56,108.56,0.77%
2020年2月3日,108.69,108.42,108.81,108.33,0.28%
2020年1月31日,108.39,108.97,109.14,108.31,-0.53%
2020年1月30日,108.97,109.02,109.08,108.58,-0.03%
2020年1月29日,109,109.16,109.28,108.97,-0.13%
2020年1月28日,109.14,108.89,109.2,108.75,0.23%
2020年1月27日,108.89,109.05,109.14,108.72,-0.36%
2020年1月24日,109.28,109.48,109.66,109.17,-0.19%
2020年1月23日,109.49,109.84,109.87,109.26,-0.32%
2020年1月22日,109.84,109.86,110.1,109.82,-0.04%
2020年1月21日,109.88,110.19,110.22,109.77,-0.28%
2020年1月20日,110.19,110.14,110.22,110.03,0.03%
2020年1月17日,110.16,110.14,110.3,110.05,0.00%
2020年1月16日,110.16,109.89,110.19,109.86,0.25%
2020年1月15日,109.89,110,110.03,109.78,-0.08%
2020年1月14日,109.98,109.94,110.22,109.86,0.04%
2020年1月13日,109.94,109.49,109.95,109.45,0.43%
2020年1月10日,109.47,109.52,109.7,109.44,-0.05%
2020年1月9日,109.52,109.12,109.58,109.01,0.35%
2020年1月8日,109.14,108.42,109.25,107.64,0.65%
2020年1月7日,108.44,108.38,108.64,108.27,0.06%
2020年1月6日,108.38,108,108.52,107.77,0.27%
2020年1月3日,108.09,108.56,108.64,107.83,-0.45%
2020年1月2日,108.58,108.75,108.86,108.2,-0.11%
2020年1月1日,108.7,108.61,108.75,108.59,0.07%
2019年12月31日,108.62,108.89,108.89,108.47,-0.24%
2019年12月30日,108.88,109.47,109.52,108.75,-0.49%
2019年12月27日,109.42,109.61,109.64,109.39,-0.20%
2019年12月26日,109.64,109.34,109.69,109.32,0.26%
2019年12月25日,109.36,109.39,109.42,109.27,-0.03%
2019年12月24日,109.39,109.39,109.44,109.31,0.00%
2019年12月23日,109.39,109.41,109.53,109.33,-0.05%
2019年12月20日,109.44,109.36,109.53,109.25,0.05%
2019年12月19日,109.38,109.55,109.67,109.17,-0.14%
2019年12月18日,109.53,109.5,109.62,109.39,0.05%
2019年12月17日,109.48,109.53,109.64,109.44,-0.02%
2019年12月16日,109.5,109.39,109.69,109.25,0.11%
2019年12月13日,109.38,109.31,109.72,108.92,0.06%
2019年12月12日,109.31,108.57,109.46,108.46,0.69%
2019年12月11日,108.56,108.72,108.86,108.47,-0.14%
2019年12月10日,108.71,108.56,108.77,108.51,0.14%
2019年12月9日,108.56,108.68,108.68,108.42,-0.05%
2019年12月6日,108.61,108.77,108.92,108.53,-0.14%
2019年12月5日,108.76,108.86,109,108.65,-0.09%
2019年12月4日,108.86,108.64,108.97,108.42,0.20%
2019年12月3日,108.64,108.97,109.22,108.48,-0.33%
2019年12月2日,109,109.53,109.73,108.92,-0.47%
2019年11月29日,109.52,109.5,109.67,109.39,0.00%
2019年11月28日,109.52,109.55,109.58,109.33,-0.04%
2019年11月27日,109.56,109.03,109.61,109,0.47%
2019年11月26日,109.05,108.92,109.2,108.88,0.12%
2019年11月25日,108.92,108.72,108.98,108.64,0.24%
2019年11月22日,108.66,108.64,108.73,108.47,0.02%
2019年11月21日,108.64,108.61,108.7,108.28,0.03%
2019年11月20日,108.61,108.55,108.75,108.34,0.06%
2019年11月19日,108.55,108.67,108.86,108.45,-0.11%
2019年11月18日,108.67,108.83,109.08,108.52,-0.07%
2019年11月15日,108.75,108.41,108.86,108.38,0.31%
2019年11月14日,108.41,108.83,108.88,108.25,-0.39%
2019年11月13日,108.83,109,109.16,108.66,-0.17%
2019年11月12日,109.02,109.06,109.31,108.92,-0.04%
2019年11月11日,109.06,109.2,109.27,108.89,-0.20%
2019年11月8日,109.28,109.28,109.48,109.08,0.00%
2019年11月7日,109.28,108.97,109.5,108.66,0.28%
2019年11月6日,108.97,109.17,109.19,108.81,-0.17%
2019年11月5日,109.16,108.58,109.25,108.55,0.53%
2019年11月4日,108.58,108.19,108.66,108.17,0.36%
2019年11月1日,108.19,108.06,108.33,107.89,0.15%
2019年10月31日,108.03,108.83,108.91,107.92,-0.74%
2019年10月30日,108.84,108.89,109.3,108.72,-0.05%
2019年10月29日,108.89,108.95,109.08,108.77,-0.06%
2019年10月28日,108.95,108.67,109.05,108.66,0.27%
2019年10月25日,108.66,108.63,108.79,108.51,0.05%
2019年10月24日,108.61,108.67,108.75,108.48,-0.07%
2019年10月23日,108.69,108.5,108.72,108.25,0.19%
2019年10月22日,108.48,108.61,108.73,108.44,-0.12%
2019年10月21日,108.61,108.47,108.67,108.3,0.17%
2019年10月18日,108.43,108.66,108.73,108.38,-0.22%
2019年10月17日,108.67,108.77,108.94,108.47,-0.09%
2019年10月16日,108.77,108.86,108.88,108.57,-0.08%
2019年10月15日,108.86,108.42,108.91,108.16,0.43%
2019年10月14日,108.39,108.36,108.53,108.03,-0.03%
2019年10月11日,108.42,107.98,108.62,107.84,0.42%
2019年10月10日,107.97,107.47,108.03,107.03,0.47%
2019年10月9日,107.47,107.08,107.64,106.94,0.36%
2019年10月8日,107.08,107.3,107.45,106.81,-0.21%
2019年10月7日,107.3,106.97,107.47,106.56,0.34%
2019年10月4日,106.94,106.92,107.14,106.58,0.02%
2019年10月3日,106.92,107.19,107.31,106.48,-0.24%
2019年10月2日,107.18,107.73,107.9,107.04,-0.53%
2019年10月1日,107.75,108.08,108.47,107.62,-0.31%
2019年9月30日,108.08,107.92,108.19,107.75,0.13%
2019年9月27日,107.94,107.83,108.19,107.66,0.10%
2019年9月26日,107.83,107.78,107.97,107.42,0.05%
2019年9月25日,107.78,107.06,107.89,107,0.67%
2019年9月24日,107.06,107.55,107.8,106.97,-0.46%
2019年9月23日,107.56,107.53,107.78,107.31,0.00%
2019年9月20日,107.56,108.02,108.09,107.53,-0.43%
2019年9月19日,108.02,108.45,108.47,107.78,-0.40%
2019年9月18日,108.45,108.12,108.48,108.08,0.29%
2019年9月17日,108.14,108.11,108.38,108.03,0.00%
2019年9月16日,108.14,107.67,108.17,107.48,0.06%
2019年9月13日,108.08,108.09,108.28,107.92,-0.03%
2019年9月12日,108.11,107.83,108.19,107.52,0.26%
2019年9月11日,107.83,107.55,107.86,107.5,0.26%
2019年9月10日,107.55,107.25,107.59,107.19,0.28%
2019年9月9日,107.25,106.83,107.28,106.77,0.31%
2019年9月6日,106.92,106.95,107.11,106.62,0.00%
2019年9月5日,106.92,106.36,107.22,106.31,0.50%
2019年9月4日,106.39,105.94,106.44,105.83,0.42%
2019年9月3日,105.94,106.23,106.4,105.74,-0.26%
2019年9月2日,106.22,106.25,106.41,105.92,-0.08%
2019年8月30日,106.31,106.5,106.56,106.11,-0.20%
2019年8月29日,106.52,106.12,106.69,105.83,0.38%
2019年8月28日,106.12,105.75,106.23,105.66,0.37%
2019年8月27日,105.73,106.16,106.17,105.59,-0.39%
2019年8月26日,106.14,105.14,106.41,104.45,0.69%
2019年8月23日,105.41,106.44,106.75,105.27,-0.97%
2019年8月22日,106.44,106.61,106.66,106.25,-0.17%
2019年8月21日,106.62,106.22,106.66,106.22,0.37%
2019年8月20日,106.23,106.63,106.69,106.17,-0.38%
2019年8月19日,106.64,106.34,106.7,106.25,0.24%
2019年8月16日,106.38,106.12,106.5,106.03,0.25%
2019年8月15日,106.12,105.92,106.78,105.7,0.20%
2019年8月14日,105.91,106.75,106.78,105.66,-0.79%
2019年8月13日,106.75,105.31,106.98,105.06,1.37%
2019年8月12日,105.31,105.58,105.7,105.05,-0.34%
2019年8月9日,105.67,106.08,106.12,105.27,-0.39%
2019年8月8日,106.08,106.28,106.31,105.89,-0.19%
2019年8月7日,106.28,106.48,106.48,105.5,-0.19%
2019年8月6日,106.48,105.94,107.08,105.53,0.50%
2019年8月5日,105.95,106.59,106.69,105.78,-0.60%
2019年8月2日,106.59,107.34,107.58,106.5,-0.70%
2019年8月1日,107.34,108.8,109.33,107.27,-1.30%
2019年7月31日,108.75,108.61,109,108.5,0.13%
2019年7月30日,108.61,108.78,108.95,108.45,-0.16%
2019年7月29日,108.78,108.69,108.91,108.42,0.10%
2019年7月26日,108.67,108.64,108.83,108.56,0.03%
2019年7月25日,108.64,108.19,108.77,108.03,0.42%
2019年7月24日,108.19,108.22,108.28,107.94,-0.03%
2019年7月23日,108.22,107.84,108.3,107.83,0.32%
2019年7月22日,107.88,107.8,108.08,107.7,0.15%
2019年7月19日,107.72,107.3,107.97,107.22,0.39%
2019年7月18日,107.3,107.94,108.02,107.2,-0.59%
2019年7月17日,107.94,108.25,108.33,107.94,-0.28%
2019年7月16日,108.24,107.92,108.39,107.83,0.30%
2019年7月15日,107.92,107.88,108.11,107.8,0.01%
2019年7月12日,107.91,108.48,108.61,107.8,-0.54%
2019年7月11日,108.5,108.47,108.53,107.86,0.03%
2019年7月10日,108.47,108.84,108.98,108.33,-0.36%
2019年7月9日,108.86,108.72,108.97,108.67,0.13%
2019年7月8日,108.72,108.44,108.81,108.28,0.23%
2019年7月5日,108.47,107.81,108.64,107.78,0.61%
2019年7月4日,107.81,107.8,107.86,107.71,-0.02%
2019年7月3日,107.83,107.89,107.93,107.53,-0.06%
2019年7月2日,107.89,108.44,108.48,107.77,-0.51%
2019年7月1日,108.44,108.11,108.55,108.11,0.51%
2019年6月28日,107.89,107.8,107.94,107.56,0.08%
2019年6月27日,107.8,107.8,108.17,107.64,0.02%
2019年6月26日,107.78,107.19,107.86,107.09,0.55%
2019年6月25日,107.19,107.31,107.42,106.78,-0.10%
2019年6月24日,107.3,107.41,107.55,107.25,-0.01%
2019年6月21日,107.31,107.31,107.75,107.06,0.00%
2019年6月20日,107.31,108.09,108.14,107.22,-0.74%
2019年6月19日,108.11,108.45,108.62,107.91,-0.31%
2019年6月18日,108.45,108.55,108.69,108.06,-0.10%
2019年6月17日,108.56,108.44,108.72,108.41,0.00%
2019年6月14日,108.56,108.38,108.59,108.16,0.16%
2019年6月13日,108.39,108.52,108.55,108.17,-0.10%
2019年6月12日,108.5,108.52,108.58,108.22,-0.02%
2019年6月11日,108.52,108.45,108.81,108.36,0.07%
2019年6月10日,108.44,108.56,108.72,108.33,0.23%
2019年6月7日,108.19,108.42,108.62,107.89,-0.21%
2019年6月6日,108.42,108.47,108.58,108.03,-0.05%
2019年6月5日,108.47,108.14,108.5,107.81,0.31%
2019年6月4日,108.14,108.08,108.36,107.83,0.06%
2019年6月3日,108.08,108.38,108.45,107.89,-0.18%
2019年5月31日,108.28,109.62,109.64,108.28,-1.21%
2019年5月30日,109.61,109.61,109.94,109.47,0.02%
2019年5月29日,109.59,109.38,109.7,109.14,0.19%
2019年5月28日,109.38,109.5,109.64,109.22,-0.13%
2019年5月27日,109.52,109.31,109.59,109.28,0.19%
2019年5月24日,109.31,109.61,109.75,109.28,-0.27%
2019年5月23日,109.61,110.36,110.38,109.47,-0.68%
2019年5月22日,110.36,110.48,110.64,110.25,-0.13%
2019年5月21日,110.5,110.06,110.69,110.03,0.40%
2019年5月20日,110.06,110.14,110.33,109.81,-0.02%
2019年5月17日,110.08,109.86,110.19,109.5,0.20%
2019年5月16日,109.86,109.61,109.97,109.33,0.25%
2019年5月15日,109.59,109.61,109.72,109.16,-0.02%
2019年5月14日,109.61,109.3,109.78,109.14,0.27%
2019年5月13日,109.31,109.75,109.84,109.02,-0.57%
2019年5月10日,109.94,109.75,110.05,109.47,0.16%
2019年5月9日,109.76,110.1,110.13,109.47,-0.32%
2019年5月8日,110.11,110.25,110.31,109.89,-0.13%
2019年5月7日,110.25,110.78,110.86,110.17,-0.48%
2019年5月6日,110.78,110.62,110.99,110.28,-0.30%
2019年5月3日,111.11,111.52,111.69,111.06,-0.37%
2019年5月2日,111.52,111.39,111.67,111.36,0.12%
2019年5月1日,111.39,111.44,111.62,111.05,-0.03%
2019年4月30日,111.42,111.66,111.7,111.23,-0.20%
2019年4月29日,111.64,111.61,111.91,111.53,0.04%
2019年4月26日,111.59,111.64,112.03,111.42,-0.04%
2019年4月25日,111.64,112.19,112.25,111.39,-0.49%
2019年4月24日,112.19,111.86,112.41,111.69,0.30%
2019年4月23日,111.86,111.94,112.03,111.64,-0.07%
2019年4月22日,111.94,111.93,111.99,111.85,0.02%
2019年4月19日,111.92,111.97,112.01,111.88,-0.04%
2019年4月18日,111.97,112.06,112.08,111.77,-0.08%
2019年4月17日,112.06,112.03,112.17,111.92,0.05%
2019年4月16日,112,112.05,112.06,111.84,-0.03%
2019年4月15日,112.03,112,112.09,111.88,0.00%
2019年4月12日,112.03,111.66,112.09,111.58,0.32%
2019年4月11日,111.67,111.03,111.7,110.91,0.59%
2019年4月10日,111.02,111.14,111.28,110.84,-0.11%
2019年4月9日,111.14,111.49,111.59,110.98,-0.30%
2019年4月8日,111.48,111.72,111.8,111.28,-0.22%
2019年4月5日,111.73,111.64,111.81,111.58,0.05%
2019年4月4日,111.67,111.48,111.69,111.33,0.17%
2019年4月3日,111.48,111.33,111.58,111.2,0.13%
2019年4月2日,111.33,111.34,111.47,111.25,-0.03%
2019年4月1日,111.36,110.81,111.45,110.81,0.45%
2019年3月29日,110.86,110.62,110.95,110.53,0.20%
2019年3月28日,110.64,110.52,110.83,110.03,0.11%
2019年3月27日,110.52,110.64,110.7,110.22,-0.11%
2019年3月26日,110.64,109.97,110.69,109.94,0.61%
2019年3月25日,109.97,109.86,110.25,109.72,0.05%
2019年3月22日,109.92,110.81,110.91,109.75,-0.80%
2019年3月21日,110.81,110.72,110.97,110.3,0.11%
2019年3月20日,110.69,111.41,111.69,110.53,-0.63%
2019年3月19日,111.39,111.44,111.48,111.16,-0.03%
2019年3月18日,111.42,111.45,111.62,111.28,-0.04%
2019年3月15日,111.47,111.7,111.91,111.39,-0.22%
2019年3月14日,111.72,111.16,111.84,111.14,0.49%
2019年3月13日,111.17,111.36,111.47,111,-0.17%
2019年3月12日,111.36,111.2,111.47,111.11,0.14%
2019年3月11日,111.2,111.14,111.31,110.88,0.03%
2019年3月8日,111.17,111.58,111.66,110.78,-0.38%
2019年3月7日,111.59,111.77,111.86,111.48,-0.16%
2019年3月6日,111.77,111.89,111.94,111.61,-0.11%
2019年3月5日,111.89,111.72,112.12,111.7,0.13%
2019年3月4日,111.75,111.77,112.02,111.64,-0.15%
2019年3月1日,111.92,111.39,112.08,111.33,0.48%
2019年2月28日,111.39,111,111.5,110.66,0.35%
2019年2月27日,111,110.58,111.08,110.36,0.38%
2019年2月26日,110.58,111.06,111.09,110.42,-0.43%
2019年2月25日,111.06,110.67,111.23,110.56,0.33%
2019年2月22日,110.69,110.69,110.92,110.56,-0.01%
2019年2月21日,110.7,110.86,110.89,110.58,-0.14%
2019年2月20日,110.86,110.63,110.95,110.52,0.22%
2019年2月19日,110.62,110.61,110.83,110.45,0.00%
2019年2月18日,110.62,110.45,110.67,110.39,0.11%
2019年2月15日,110.5,110.48,110.66,110.25,0.02%
2019年2月14日,110.48,111.01,111.13,110.45,-0.47%
2019年2月13日,111,110.5,111.06,110.42,0.47%
2019年2月12日,110.48,110.36,110.64,110.33,0.09%
2019年2月11日,110.38,109.83,110.47,109.69,0.59%
2019年2月8日,109.73,109.81,109.91,109.64,-0.07%
2019年2月7日,109.81,109.97,110.09,109.61,-0.15%
2019年2月6日,109.97,109.97,110.06,109.55,0.00%
2019年2月5日,109.97,109.89,110.03,109.78,0.07%
2019年2月4日,109.89,109.5,110.16,109.43,0.36%
2019年2月1日,109.5,108.89,109.58,108.72,0.57%
2019年1月31日,108.88,109.04,109.08,108.49,-0.14%
2019年1月30日,109.03,109.39,109.75,108.81,-0.33%
2019年1月29日,109.39,109.36,109.55,109.14,0.03%
2019年1月28日,109.36,109.53,109.61,109.16,-0.17%
2019年1月25日,109.55,109.64,109.97,109.45,-0.08%
2019年1月24日,109.64,109.58,109.81,109.42,0.04%
2019年1月23日,109.6,109.37,110,109.32,0.20%
2019年1月22日,109.38,109.67,109.7,109.14,-0.26%
2019年1月21日,109.67,109.75,109.77,109.47,-0.10%
2019年1月18日,109.78,109.27,109.89,109.06,0.49%
2019年1月17日,109.24,109.09,109.4,108.68,0.14%
2019年1月16日,109.09,108.69,109.2,108.38,0.39%
2019年1月15日,108.67,108.16,108.77,108.13,0.46%
2019年1月14日,108.17,108.47,108.56,107.97,-0.35%
2019年1月11日,108.55,108.43,108.6,108.14,0.12%
2019年1月10日,108.42,108.16,108.52,107.77,0.23%
2019年1月9日,108.17,108.75,109,107.97,-0.53%
2019年1月8日,108.75,108.72,109.09,108.44,0.03%
2019年1月7日,108.72,108.55,108.75,108.03,0.18%
2019年1月4日,108.53,107.67,108.59,107.51,0.80%
2019年1月3日,107.67,108.89,108.92,104.97,-1.11%
2019年1月2日,108.88,109.67,109.73,108.71,-0.77%
2019年1月1日,109.72,109.57,109.79,109.57,0.13%
2018年12月31日,109.58,110.44,110.48,109.55,-0.63%
2018年12月28日,110.28,110.97,111.06,110.14,-0.65%
2018年12月27日,111,111.38,111.39,110.45,-0.32%
2018年12月26日,111.36,110.31,111.42,110.14,0.98%
2018年12月25日,110.28,110.44,110.47,110,-0.15%
2018年12月24日,110.45,110.95,111.21,110.27,-0.69%
2018年12月21日,111.22,111.3,111.47,110.94,-0.05%
2018年12月20日,111.28,112.47,112.61,110.81,-1.07%
2018年12月19日,112.48,112.52,112.66,112.09,-0.04%
2018年12月18日,112.53,112.83,112.88,112.25,-0.27%
2018年12月17日,112.83,113.32,113.53,112.68,-0.49%
2018年12月14日,113.39,113.64,113.69,113.22,-0.22%
2018年12月13日,113.64,113.28,113.72,113.2,0.32%
2018年12月12日,113.28,113.39,113.53,113.14,-0.10%
2018年12月11日,113.39,113.33,113.47,113,0.04%
2018年12月10日,113.34,112.7,113.38,112.25,0.54%
2018年12月7日,112.73,112.67,112.94,112.55,0.05%
2018年12月6日,112.67,113.19,113.22,112.22,-0.46%
2018年12月5日,113.19,112.77,113.25,112.64,0.36%
2018年12月4日,112.78,113.66,113.67,112.58,-0.78%
2018年12月3日,113.67,113.47,113.86,113.38,0.18%
2018年11月30日,113.47,113.5,113.72,113.33,-0.01%
2018年11月29日,113.48,113.69,113.69,113.19,-0.18%
2018年11月28日,113.69,113.78,114.03,113.44,-0.08%
2018年11月27日,113.78,113.58,113.85,113.41,0.17%
2018年11月26日,113.59,112.94,113.64,112.86,0.57%
2018年11月23日,112.95,112.94,113.02,112.64,0.01%
2018年11月22日,112.94,113.05,113.14,112.86,-0.11%
2018年11月21日,113.06,112.77,113.14,112.61,0.26%
2018年11月20日,112.77,112.56,112.84,112.31,0.19%
2018年11月19日,112.56,112.83,112.89,112.42,-0.24%
2018年11月16日,112.83,113.64,113.66,112.64,-0.71%
2018年11月15日,113.64,113.62,113.72,113.11,0.02%
2018年11月14日,113.62,113.81,114.02,113.3,-0.17%
2018年11月13日,113.81,113.83,114.15,113.57,-0.02%
2018年11月12日,113.83,113.83,114.2,113.66,0.00%
2018年11月9日,113.83,114.06,114.09,113.64,-0.20%
2018年11月8日,114.06,113.52,114.08,113.47,0.47%
2018年11月7日,113.53,113.44,113.83,112.94,0.08%
2018年11月6日,113.44,113.2,113.5,113.11,0.22%
2018年11月5日,113.19,113.19,113.34,113.06,-0.01%
2018年11月2日,113.2,112.72,113.33,112.58,0.43%
2018年11月1日,112.72,112.94,113,112.61,-0.19%
2018年10月31日,112.94,113.13,113.39,112.8,-0.13%
2018年10月30日,113.09,112.38,113.11,112.28,0.63%
2018年10月29日,112.38,111.92,112.56,111.78,0.42%
2018年10月26日,111.91,112.39,112.45,111.38,-0.45%
2018年10月25日,112.42,112.25,112.69,111.83,0.14%
2018年10月24日,112.26,112.43,112.75,112.09,-0.16%
2018年10月23日,112.44,112.83,112.86,111.94,-0.35%
2018年10月22日,112.83,112.5,112.91,112.36,0.25%
2018年10月19日,112.55,112.21,112.65,112.12,0.32%
2018年10月18日,112.19,112.64,112.73,111.97,-0.41%
2018年10月17日,112.65,112.26,112.68,111.99,0.36%
2018年10月16日,112.25,111.77,112.33,111.72,0.42%
2018年10月15日,111.78,112.11,112.27,111.62,-0.37%
2018年10月12日,112.2,112.17,112.5,111.89,0.03%
2018年10月11日,112.17,112.27,112.53,111.83,-0.10%
2018年10月10日,112.28,112.95,113.28,112.23,-0.59%
2018年10月9日,112.95,113.22,113.41,112.88,-0.25%
2018年10月8日,113.23,113.69,113.94,112.81,-0.43%
2018年10月5日,113.72,113.9,114.11,113.55,-0.18%
2018年10月4日,113.92,114.55,114.56,113.64,-0.53%
2018年10月3日,114.53,113.64,114.55,113.52,0.76%
2018年10月2日,113.67,113.92,114.02,113.51,-0.22%
2018年10月1日,113.92,113.69,114.08,113.67,0.20%
2018年9月28日,113.69,113.38,113.72,113.31,0.27%
2018年9月27日,113.38,112.75,113.47,112.55,0.58%
2018年9月26日,112.73,112.97,113.14,112.62,-0.21%
2018年9月25日,112.97,112.8,112.97,112.72,0.14%
2018年9月24日,112.81,112.58,112.84,112.28,0.20%
2018年9月21日,112.58,112.48,112.89,112.42,0.07%
2018年9月20日,112.5,112.28,112.59,112.03,0.20%
2018年9月19日,112.28,112.36,112.45,112.17,-0.07%
2018年9月18日,112.36,111.86,112.39,111.67,0.46%
2018年9月17日,111.84,111.95,112.14,111.75,-0.20%
2018年9月14日,112.06,111.92,112.17,111.75,0.13%
2018年9月13日,111.92,111.25,112,111.14,0.58%
2018年9月12日,111.27,111.64,111.66,111.12,-0.33%
2018年9月11日,111.64,111.12,111.66,111.06,0.47%
2018年9月10日,111.12,110.97,111.25,110.86,0.04%
2018年9月7日,111.08,110.77,111.27,110.39,0.30%
2018年9月6日,110.75,111.53,111.55,110.53,-0.70%
2018年9月5日,111.53,111.45,111.76,111.37,0.07%
2018年9月4日,111.45,111.06,111.55,110.91,0.33%
2018年9月3日,111.08,111.08,111.19,110.85,0.04%
2018年8月31日,111.04,110.99,111.15,110.68,0.05%
2018年8月30日,110.98,111.69,111.78,110.95,-0.62%
2018年8月29日,111.67,111.2,111.84,111.11,0.43%
2018年8月28日,111.19,111.08,111.36,110.95,0.10%
2018年8月27日,111.08,111.25,111.36,110.92,-0.13%
2018年8月24日,111.23,111.28,111.5,111.11,-0.06%
2018年8月23日,111.3,110.55,111.33,110.52,0.67%
2018年8月22日,110.56,110.3,110.62,110.03,0.23%
2018年8月21日,110.31,110.06,110.56,109.78,0.22%
2018年8月20日,110.07,110.52,110.69,110.02,-0.39%
2018年8月17日,110.5,110.89,111.06,110.31,-0.35%
2018年8月16日,110.89,110.75,111.12,110.47,0.13%
2018年8月15日,110.75,111.14,111.44,110.42,-0.37%
2018年8月14日,111.16,110.69,111.33,110.59,0.39%
2018年8月13日,110.73,110.94,110.95,110.12,-0.19%
2018年8月10日,110.94,111.09,111.18,110.5,-0.13%
2018年8月9日,111.08,110.98,111.19,110.69,0.09%
2018年8月8日,110.98,111.39,111.44,110.83,-0.37%
2018年8月7日,111.39,111.41,111.48,111,-0.02%
2018年8月6日,111.41,111.19,111.53,111.14,0.13%
2018年8月3日,111.27,111.66,111.83,111.08,-0.35%
2018年8月2日,111.66,111.7,111.75,111.31,-0.05%
2018年8月1日,111.72,111.88,112.16,111.39,-0.14%
2018年7月31日,111.88,111.05,111.97,110.78,0.73%
2018年7月30日,111.07,111.04,111.17,110.89,0.02%
2018年7月27日,111.05,111.22,111.25,110.8,-0.15%
2018年7月26日,111.22,110.97,111.25,110.58,0.23%
2018年7月25日,110.97,111.2,111.39,110.66,-0.21%
2018年7月24日,111.2,111.35,111.52,110.96,-0.13%
2018年7月23日,111.34,111.5,111.56,110.75,-0.06%
2018年7月20日,111.41,112.46,112.63,111.39,-0.94%
2018年7月19日,112.47,112.86,113.17,112.06,-0.35%
2018年7月18日,112.86,112.89,113.16,112.72,-0.01%
2018年7月17日,112.87,112.29,112.94,112.22,0.51%
2018年7月16日,112.3,112.36,112.56,112.19,-0.07%
2018年7月13日,112.38,112.56,112.81,112.28,-0.16%
2018年7月12日,112.56,112.02,112.64,111.91,0.48%
2018年7月11日,112.02,110.98,112.19,110.77,0.92%
2018年7月10日,111,110.86,111.36,110.8,0.14%
2018年7月9日,110.85,110.5,110.91,110.31,0.35%
2018年7月6日,110.46,110.62,110.79,110.36,-0.14%
2018年7月5日,110.62,110.47,110.72,110.3,0.14%
2018年7月4日,110.47,110.61,110.64,110.28,-0.11%
2018年7月3日,110.59,110.91,111.14,110.5,-0.27%
2018年7月2日,110.89,110.67,111.06,110.48,0.19%
2018年6月29日,110.68,110.49,110.95,110.39,0.16%
2018年6月28日,110.5,110.25,110.66,109.97,0.22%
2018年6月27日,110.26,110.06,110.49,109.68,0.18%
2018年6月26日,110.06,109.75,110.22,109.36,0.26%
2018年6月25日,109.78,109.92,110.03,109.36,-0.17%
2018年6月22日,109.97,109.98,110.22,109.79,-0.03%
2018年6月21日,110,110.36,110.77,109.83,-0.33%
2018年6月20日,110.36,110.06,110.45,109.85,0.27%
2018年6月19日,110.06,110.56,110.58,109.55,-0.44%
2018年6月18日,110.55,110.67,110.75,110.3,-0.11%
2018年6月15日,110.67,110.62,110.92,110.39,0.04%
2018年6月14日,110.63,110.33,110.7,109.9,0.26%
2018年6月13日,110.34,110.38,110.86,110.26,-0.04%
2018年6月12日,110.38,110.03,110.5,109.98,0.32%
2018年6月11日,110.03,109.47,110.12,109.22,0.44%
2018年6月8日,109.55,109.71,109.87,109.19,-0.14%
2018年6月7日,109.7,110.19,110.22,109.48,-0.43%
2018年6月6日,110.17,109.8,110.28,109.78,0.34%
2018年6月5日,109.8,109.83,110.02,109.47,-0.01%
2018年6月4日,109.81,109.5,109.86,109.38,0.24%
2018年6月1日,109.55,108.81,109.75,108.72,0.67%
2018年5月31日,108.82,108.9,109.01,108.38,-0.08%
2018年5月30日,108.91,108.75,109.08,108.33,0.13%
2018年5月29日,108.77,109.42,109.47,108.11,-0.59%
2018年5月28日,109.42,109.56,109.83,109.23,0.03%
2018年5月25日,109.39,109.25,109.75,109.11,0.13%
2018年5月24日,109.25,110.08,110.11,108.95,-0.75%
2018年5月23日,110.08,110.9,110.93,109.54,-0.73%
2018年5月22日,110.89,111.06,111.19,110.8,-0.15%
2018年5月21日,111.06,110.72,111.41,110.72,0.28%
2018年5月18日,110.75,110.78,111.08,110.61,-0.02%
2018年5月17日,110.77,110.39,110.86,110.06,0.34%
2018年5月16日,110.39,110.34,110.41,110.02,0.04%
2018年5月15日,110.35,109.66,110.46,109.65,0.63%
2018年5月14日,109.66,109.39,109.67,109.2,0.25%
2018年5月11日,109.39,109.41,109.58,109.14,0.00%
2018年5月10日,109.39,109.75,110.03,109.31,-0.33%
2018年5月9日,109.75,109.11,109.83,108.97,0.58%
2018年5月8日,109.12,109.08,109.36,108.83,0.03%
2018年5月7日,109.09,109.12,109.41,108.75,-0.03%
2018年5月4日,109.12,109.19,109.28,108.64,-0.06%
2018年5月3日,109.19,109.83,109.89,108.94,-0.59%
2018年5月2日,109.84,109.86,110.03,109.58,-0.02%
2018年5月1日,109.86,109.34,109.89,109.23,0.48%
2018年4月30日,109.33,109,109.45,109,0.26%
2018年4月27日,109.05,109.31,109.55,108.97,-0.24%
2018年4月26日,109.31,109.42,109.47,109.06,-0.10%
2018年4月25日,109.42,108.81,109.47,108.8,0.55%
2018年4月24日,108.82,108.7,109.2,108.54,0.10%
2018年4月23日,108.71,107.63,108.76,107.63,0.97%
2018年4月20日,107.67,107.38,107.86,107.36,0.27%
2018年4月19日,107.38,107.23,107.53,107.17,0.14%
2018年4月18日,107.23,106.98,107.39,106.98,0.21%
2018年4月17日,107,107.12,107.22,106.86,-0.10%
2018年4月16日,107.11,107.38,107.62,107.03,-0.21%
2018年4月13日,107.34,107.33,107.78,107.19,0.01%
2018年4月12日,107.33,106.8,107.44,106.69,0.50%
2018年4月11日,106.8,107.2,107.25,106.64,-0.37%
2018年4月10日,107.2,106.81,107.41,106.61,0.40%
2018年4月9日,106.77,106.92,107.22,106.61,-0.15%
2018年4月6日,106.93,107.39,107.47,106.78,-0.42%
2018年4月5日,107.38,106.77,107.5,106.71,0.56%
2018年4月4日,106.78,106.61,106.85,105.98,0.16%
2018年4月3日,106.61,105.89,106.67,105.69,0.68%
2018年4月2日,105.89,106.25,106.45,105.66,-0.37%
2018年3月30日,106.28,106.42,106.55,106.11,-0.14%
2018年3月29日,106.43,106.85,106.93,106.25,-0.40%
2018年3月28日,106.86,105.33,107.02,105.31,1.44%
2018年3月27日,105.34,105.41,105.92,105.33,-0.07%
2018年3月26日,105.41,104.73,105.49,104.56,0.64%
2018年3月23日,104.74,105.29,105.36,104.64,-0.51%
2018年3月22日,105.28,106.06,106.09,105.25,-0.74%
2018年3月21日,106.06,106.53,106.64,105.88,-0.44%
2018年3月20日,106.53,106.08,106.61,105.92,0.41%
2018年3月19日,106.09,105.95,106.31,105.67,0.07%
2018年3月16日,106.02,106.34,106.39,105.61,-0.30%
2018年3月15日,106.34,106.33,106.42,105.78,0.01%
2018年3月14日,106.33,106.56,106.75,106.05,-0.23%
2018年3月13日,106.58,106.42,107.31,106.25,0.15%
2018年3月12日,106.42,106.81,106.97,106.31,-0.36%
2018年3月9日,106.8,106.25,107.06,106.16,0.56%
2018年3月8日,106.2,106.06,106.31,105.88,0.11%
2018年3月7日,106.08,106.12,106.22,105.44,-0.04%
2018年3月6日,106.12,106.2,106.47,105.84,-0.08%
2018年3月5日,106.2,105.69,106.25,105.36,0.43%
2018年3月2日,105.75,106.23,106.31,105.25,-0.46%
2018年3月1日,106.24,106.67,107.2,106.16,-0.40%
2018年2月28日,106.67,107.33,107.53,106.55,-0.61%
2018年2月27日,107.33,106.94,107.69,106.78,0.36%
2018年2月26日,106.94,106.84,107.3,106.38,0.05%
2018年2月23日,106.89,106.75,107.14,106.48,0.13%
2018年2月22日,106.75,107.78,107.81,106.59,-0.96%
2018年2月21日,107.78,107.33,107.92,107.27,0.42%
2018年2月20日,107.33,106.61,107.39,106.56,0.68%
2018年2月19日,106.6,106.33,106.73,106.09,0.27%
2018年2月16日,106.31,106.14,106.41,105.53,0.18%
2018年2月15日,106.12,107,107.03,106.03,-0.84%
2018年2月14日,107.02,107.83,107.91,106.72,-0.75%
2018年2月13日,107.83,108.64,108.78,107.39,-0.76%
2018年2月12日,108.66,108.81,108.95,108.44,-0.13%
2018年2月9日,108.8,108.75,109.31,108.05,0.05%
2018年2月8日,108.75,109.31,109.78,108.58,-0.53%
2018年2月7日,109.33,109.56,109.72,108.92,-0.21%
2018年2月6日,109.56,109.08,109.66,108.44,0.41%
2018年2月5日,109.11,110.11,110.31,108.98,-0.91%
2018年2月2日,110.11,109.41,110.48,109.28,0.64%
2018年2月1日,109.41,109.19,109.75,109.09,0.20%
2018年1月31日,109.19,108.78,109.45,108.58,0.38%
2018年1月30日,108.78,108.97,109.22,108.42,-0.16%
2018年1月29日,108.95,108.69,109.2,108.5,0.21%
2018年1月26日,108.72,109.42,109.78,108.28,-0.63%
2018年1月25日,109.41,109.22,109.7,108.5,0.17%
2018年1月24日,109.22,110.31,110.34,108.97,-0.99%
2018年1月23日,110.31,110.92,111.19,110.25,-0.55%
2018年1月22日,110.92,110.62,111.23,110.52,0.13%
2018年1月19日,110.78,111.11,111.14,110.5,-0.30%
2018年1月18日,111.11,111.3,111.5,110.7,-0.15%
2018年1月17日,111.28,110.44,111.34,110.19,0.75%
2018年1月16日,110.45,110.55,110.98,110.25,-0.08%
2018年1月15日,110.54,111.07,111.2,110.32,-0.45%
2018年1月12日,111.04,111.26,111.7,110.91,-0.19%
2018年1月11日,111.25,111.44,111.89,111.05,-0.17%
2018年1月10日,111.44,112.66,112.78,111.28,-1.08%
2018年1月9日,112.66,113.11,113.19,112.36,-0.38%
2018年1月8日,113.09,113.06,113.39,112.89,0.01%
2018年1月5日,113.08,112.75,113.32,112.72,0.29%
2018年1月4日,112.75,112.5,112.87,112.46,0.22%
2018年1月3日,112.5,112.3,112.61,112.17,0.18%
2018年1月2日,112.3,112.67,112.8,112.06,-0.32%
2018年1月1日,112.66,112.67,112.69,112.64,-0.03%
2017年12月29日,112.69,112.88,112.98,112.47,-0.18%
2017年12月28日,112.89,113.36,113.36,112.67,-0.41%
2017年12月27日,113.36,113.25,113.39,113.14,0.11%
2017年12月26日,113.23,113.28,113.36,113.12,-0.04%
2017年12月25日,113.28,113.33,113.38,113.22,0.01%
2017年12月22日,113.27,113.32,113.45,113.25,-0.05%
2017年12月21日,113.33,113.41,113.64,113.2,-0.05%
2017年12月20日,113.39,112.89,113.47,112.84,0.44%
2017年12月19日,112.89,112.54,113.08,112.51,0.30%
2017年12月18日,112.55,112.64,112.85,112.32,-0.03%
2017年12月15日,112.58,112.39,112.75,112.03,0.17%
2017年12月14日,112.39,112.53,112.88,112.06,-0.14%
2017年12月13日,112.55,113.56,113.58,112.47,-0.88%
2017年12月12日,113.55,113.58,113.75,113.38,-0.01%
2017年12月11日,113.56,113.48,113.69,113.24,0.07%
2017年12月8日,113.48,113.08,113.58,113.06,0.35%
2017年12月7日,113.08,112.28,113.16,112.2,0.69%
2017年12月6日,112.3,112.59,112.67,112,-0.26%
2017年12月5日,112.59,112.41,112.88,112.38,0.15%
2017年12月4日,112.42,112.41,113.09,112.36,0.28%
2017年12月1日,112.11,112.53,112.88,111.42,-0.37%
2017年11月30日,112.53,111.92,112.64,111.72,0.54%
2017年11月29日,111.93,111.48,112.15,111.37,0.40%
2017年11月28日,111.48,111.09,111.64,110.94,0.35%
2017年11月27日,111.09,111.41,111.69,110.83,-0.41%
2017年11月24日,111.55,111.22,111.64,111.19,0.30%
2017年11月23日,111.22,111.21,111.38,111.06,0.00%
2017年11月22日,111.22,112.45,112.5,111.14,-1.09%
2017年11月21日,112.44,112.62,112.72,112.17,-0.16%
2017年11月20日,112.62,112.08,112.72,111.88,0.48%
2017年11月17日,112.08,113.05,113.16,111.94,-0.87%
2017年11月16日,113.06,112.88,113.34,112.73,0.16%
2017年11月15日,112.88,113.47,113.5,112.47,-0.50%
2017年11月14日,113.45,113.62,113.92,113.31,-0.15%
2017年11月13日,113.62,113.52,113.72,113.25,0.08%
2017年11月10日,113.53,113.47,113.64,113.2,0.05%
2017年11月9日,113.47,113.86,114.08,113.09,-0.36%
2017年11月8日,113.88,114,114.05,113.39,-0.12%
2017年11月7日,114.02,113.7,114.34,113.69,0.28%
2017年11月6日,113.7,114,114.74,113.7,-0.33%
2017年11月3日,114.08,114.08,114.44,113.66,-0.01%
2017年11月2日,114.09,114.17,114.22,113.53,-0.07%
2017年11月1日,114.17,113.64,114.3,113.61,0.47%
2017年10月31日,113.64,113.17,113.73,112.97,0.40%
2017年10月30日,113.19,113.73,113.84,113.03,-0.44%
2017年10月27日,113.69,113.98,114.45,113.64,-0.25%
2017年10月26日,113.98,113.75,114.08,113.34,0.20%
2017年10月25日,113.75,113.92,114.25,113.48,-0.13%
2017年10月24日,113.9,113.43,114.01,113.25,0.41%
2017年10月23日,113.44,113.69,114.11,113.25,-0.07%
2017年10月20日,113.52,112.53,113.58,112.52,0.86%
2017年10月19日,112.55,112.94,113.16,112.31,-0.35%
2017年10月18日,112.94,112.2,113.06,112.14,0.66%
2017年10月17日,112.2,112.19,112.48,112.03,0.01%
2017年10月16日,112.19,111.85,112.29,111.65,0.30%
2017年10月13日,111.86,112.28,112.33,111.69,-0.37%
2017年10月12日,112.28,112.5,112.53,112.12,-0.20%
2017年10月11日,112.5,112.45,112.59,112.08,0.04%
2017年10月10日,112.45,112.67,112.83,112,-0.20%
2017年10月9日,112.67,112.69,112.75,112.32,0.03%
2017年10月6日,112.64,112.81,113.44,112.61,-0.16%
2017年10月5日,112.82,112.75,112.92,112.41,0.06%
2017年10月4日,112.75,112.86,112.94,112.33,-0.10%
2017年10月3日,112.86,112.75,113.2,112.64,0.08%
2017年10月2日,112.77,112.56,113.06,112.44,0.25%
2017年9月29日,112.49,112.35,112.74,112.21,0.13%
2017年9月28日,112.34,112.86,113.2,112.25,-0.43%
2017年9月27日,112.83,112.25,113.27,112.21,0.53%
2017年9月26日,112.23,111.73,112.48,111.5,0.45%
2017年9月25日,111.73,111.98,112.53,111.47,-0.22%
2017年9月22日,111.98,112.47,112.56,111.66,-0.44%
2017年9月21日,112.47,112.21,112.72,112.13,0.22%
2017年9月20日,112.22,111.58,112.53,111.11,0.56%
2017年9月19日,111.59,111.56,111.89,111.19,0.02%
2017年9月18日,111.57,110.88,111.67,110.88,0.66%
2017年9月15日,110.84,110.22,111.33,109.55,0.55%
2017年9月14日,110.23,110.48,111.03,110.08,-0.23%
2017年9月13日,110.48,110.19,110.7,109.92,0.28%
2017年9月12日,110.17,109.42,110.27,109.25,0.69%
2017年9月11日,109.41,108.2,109.52,108.14,1.46%
2017年9月8日,107.84,108.45,108.5,107.33,-0.56%
2017年9月7日,108.45,109.23,109.28,108.06,-0.71%
2017年9月6日,109.23,108.81,109.41,108.45,0.39%
2017年9月5日,108.81,109.73,109.84,108.64,-0.85%
2017年9月4日,109.74,109.4,109.94,109.31,-0.48%
2017年9月1日,110.27,109.97,110.42,109.56,0.27%
2017年8月31日,109.97,110.25,110.67,109.89,-0.24%
2017年8月30日,110.23,109.75,110.44,109.53,0.44%
2017年8月29日,109.75,109.27,109.91,108.27,0.46%
2017年8月28日,109.25,109.26,109.42,109.03,-0.10%
2017年8月25日,109.36,109.56,109.86,109.11,-0.18%
2017年8月24日,109.56,109.06,109.61,108.83,0.49%
2017年8月23日,109.03,109.56,109.83,108.92,-0.49%
2017年8月22日,109.57,108.97,109.65,108.87,0.54%
2017年8月21日,108.98,109.34,109.43,108.62,-0.19%
2017年8月18日,109.19,109.58,109.61,108.61,-0.35%
2017年8月17日,109.57,110.2,110.37,109.43,-0.56%
2017年8月16日,110.19,110.67,110.95,110.02,-0.43%
2017年8月15日,110.67,109.64,110.86,109.59,0.94%
2017年8月14日,109.64,109.06,109.81,109.03,0.41%
2017年8月11日,109.19,109.22,109.44,108.77,-0.03%
2017年8月10日,109.22,110.08,110.19,109.14,-0.78%
2017年8月9日,110.08,110.31,110.39,109.56,-0.21%
2017年8月8日,110.31,110.73,110.83,110.23,-0.40%
2017年8月7日,110.75,110.61,110.92,110.61,0.05%
2017年8月4日,110.69,110.03,111.06,109.83,0.58%
2017年8月3日,110.05,110.72,110.84,109.86,-0.61%
2017年8月2日,110.73,110.36,111,110.28,0.34%
2017年8月1日,110.36,110.25,110.59,109.92,0.10%
2017年7月31日,110.25,110.64,110.78,110.19,-0.38%
2017年7月28日,110.67,111.28,111.34,110.55,-0.52%
2017年7月27日,111.25,111.18,111.73,110.78,0.07%
2017年7月26日,111.17,111.89,112.2,111.06,-0.64%
2017年7月25日,111.89,111.08,111.96,110.81,0.70%
2017年7月24日,111.11,111.06,111.31,110.61,-0.01%
2017年7月21日,111.12,111.92,112.09,111,-0.71%
2017年7月20日,111.91,111.98,112.43,111.48,-0.05%
2017年7月19日,111.97,112.08,112.25,111.56,-0.10%
2017年7月18日,112.08,112.62,112.72,111.67,-0.50%
2017年7月17日,112.64,112.5,112.88,112.31,0.10%
2017年7月14日,112.53,113.29,113.6,112.27,-0.66%
2017年7月13日,113.28,113.16,113.53,112.86,0.11%
2017年7月12日,113.16,113.94,113.98,112.92,-0.68%
2017年7月11日,113.94,114.05,114.51,113.72,-0.09%
2017年7月10日,114.04,113.97,114.3,113.85,0.13%
2017年7月7日,113.89,113.19,114.19,113.08,0.59%
2017年7月6日,113.22,113.27,113.48,112.89,-0.04%
2017年7月5日,113.27,113.28,113.69,112.81,-0.01%
2017年7月4日,113.28,113.38,113.48,112.73,-0.10%
2017年7月3日,113.39,112.14,113.48,111.94,0.90%
2017年6月30日,112.38,112.19,112.62,111.74,0.18%
2017年6月29日,112.18,112.31,112.94,111.81,-0.11%
2017年6月28日,112.3,112.36,112.43,111.83,-0.05%
2017年6月27日,112.36,111.88,112.47,111.45,0.46%
2017年6月26日,111.84,111.11,111.94,111.11,0.49%
2017年6月23日,111.29,111.35,111.45,111.16,-0.04%
2017年6月22日,111.33,111.35,111.45,110.93,-0.04%
2017年6月21日,111.38,111.45,111.73,111.05,-0.05%
2017年6月20日,111.44,111.53,111.81,111.31,-0.08%
2017年6月19日,111.53,110.83,111.61,110.75,0.60%
2017年6月16日,110.86,110.92,111.44,110.64,-0.07%
2017年6月15日,110.94,109.56,111,109.28,1.24%
2017年6月14日,109.58,110.06,110.36,108.83,-0.45%
2017年6月13日,110.07,109.95,110.28,109.82,0.12%
2017年6月12日,109.94,110.36,110.44,109.61,-0.36%
2017年6月9日,110.34,110,110.81,109.75,0.31%
2017年6月8日,110,109.83,110.42,109.39,0.17%
2017年6月7日,109.81,109.44,109.91,109.11,0.37%
2017年6月6日,109.41,110.44,110.52,109.2,-0.96%
2017年6月5日,110.47,110.36,110.73,110.25,0.05%
2017年6月2日,110.42,111.34,111.72,110.31,-0.84%
2017年6月1日,111.36,110.77,111.48,110.67,0.52%
2017年5月31日,110.78,110.86,111.25,110.47,-0.06%
2017年5月30日,110.85,111.27,111.35,110.67,-0.37%
2017年5月29日,111.26,111.32,111.48,111.16,-0.07%
2017年5月26日,111.34,111.86,111.89,110.89,-0.44%
2017年5月25日,111.83,111.48,111.95,111.47,0.30%
2017年5月24日,111.5,111.76,112.12,111.46,-0.25%
2017年5月23日,111.78,111.31,111.86,110.86,0.43%
2017年5月22日,111.3,111.33,111.62,110.89,0.02%
2017年5月19日,111.28,111.48,111.7,111.03,-0.20%
2017年5月18日,111.5,110.83,111.73,110.23,0.61%
2017年5月17日,110.82,113.13,113.14,110.78,-2.03%
2017年5月16日,113.12,113.78,113.8,112.91,-0.58%
2017年5月15日,113.78,113.19,113.86,113.11,0.39%
2017年5月12日,113.34,113.86,113.97,113.19,-0.46%
2017年5月11日,113.86,114.31,114.39,113.47,-0.37%
2017年5月10日,114.28,113.98,114.36,113.62,0.26%
2017年5月9日,113.98,113.25,114.33,113.11,0.64%
2017年5月8日,113.25,112.98,113.31,112.38,0.47%
2017年5月5日,112.72,112.45,112.83,112.08,0.23%
2017年5月4日,112.46,112.74,113.05,112.3,-0.26%
2017年5月3日,112.75,112,112.8,111.95,0.69%
2017年5月2日,111.98,111.86,112.33,111.78,0.13%
2017年5月1日,111.84,111.3,111.93,111.19,0.26%
2017年4月28日,111.55,111.25,111.72,111.06,0.25%
2017年4月27日,111.27,111.06,111.61,111,0.19%
2017年4月26日,111.06,111.11,111.8,110.88,-0.03%
2017年4月25日,111.09,109.77,111.19,109.58,1.20%
2017年4月24日,109.77,110.25,110.64,109.64,0.63%
2017年4月21日,109.08,109.33,109.44,108.86,-0.22%
2017年4月20日,109.32,108.85,109.49,108.7,0.42%
2017年4月19日,108.86,108.42,109.19,108.36,0.41%
2017年4月18日,108.42,108.92,109.23,108.31,-0.45%
2017年4月17日,108.91,108.67,109.06,108.12,0.25%
2017年4月14日,108.64,109.09,109.25,108.55,-0.41%
2017年4月13日,109.09,109.02,109.41,108.72,0.06%
2017年4月12日,109.03,109.63,109.89,108.96,-0.54%
2017年4月11日,109.62,110.94,110.97,109.6,-1.19%
2017年4月10日,110.94,111.09,111.58,110.78,-0.12%
2017年4月7日,111.07,110.81,111.38,110.13,0.23%
2017年4月6日,110.81,110.69,111.14,110.28,0.10%
2017年4月5日,110.7,110.77,111.47,110.53,-0.05%
2017年4月4日,110.75,110.89,110.97,110.27,-0.13%
2017年4月3日,110.89,111.41,111.61,110.84,-0.45%
2017年3月31日,111.39,111.92,112.2,111.22,-0.47%
2017年3月30日,111.92,111.06,111.97,110.94,0.78%
2017年3月29日,111.05,111.14,111.33,110.7,-0.10%
2017年3月28日,111.16,110.69,111.22,110.19,0.45%
2017年3月27日,110.66,111.23,111.27,110.1,-0.61%
2017年3月24日,111.34,110.94,111.5,110.61,0.36%
2017年3月23日,110.94,111.17,111.58,110.61,-0.20%
2017年3月22日,111.16,111.7,111.81,110.72,-0.50%
2017年3月21日,111.72,112.55,112.88,111.55,-0.75%
2017年3月20日,112.56,112.69,112.89,112.44,-0.14%
2017年3月17日,112.72,113.31,113.5,112.55,-0.52%
2017年3月16日,113.31,113.36,113.56,112.91,-0.06%
2017年3月15日,113.38,114.75,114.91,113.18,-1.19%
2017年3月14日,114.75,114.88,115.2,114.5,-0.11%
2017年3月13日,114.88,114.81,114.93,114.47,0.11%
2017年3月10日,114.75,114.94,115.51,114.63,-0.17%
2017年3月9日,114.94,114.38,115.03,114.33,0.52%
2017年3月8日,114.35,113.99,114.77,113.61,0.32%
2017年3月7日,113.98,113.89,114.17,113.72,0.08%
2017年3月6日,113.89,114.02,114.14,113.55,-0.11%
2017年3月3日,114.02,114.42,114.77,113.83,-0.34%
2017年3月2日,114.41,113.75,114.61,113.69,0.60%
2017年3月1日,113.73,112.78,114.06,112.73,0.84%
2017年2月28日,112.78,112.72,112.91,111.7,0.07%
2017年2月27日,112.7,112.11,112.86,111.92,0.45%
2017年2月24日,112.19,112.61,112.96,111.92,-0.36%
2017年2月23日,112.59,113.31,113.47,112.56,-0.63%
2017年2月22日,113.3,113.72,113.75,112.91,-0.34%
2017年2月21日,113.69,113.08,113.78,113.08,0.52%
2017年2月20日,113.1,112.86,113.26,112.78,0.19%
2017年2月17日,112.88,113.25,113.53,112.61,-0.31%
2017年2月16日,113.23,114.17,114.36,113.09,-0.82%
2017年2月15日,114.17,114.23,114.97,113.84,-0.08%
2017年2月14日,114.26,113.73,114.5,113.22,0.45%
2017年2月13日,113.75,113.33,114.17,113.28,0.47%
2017年2月10日,113.22,113.25,113.88,112.86,-0.03%
2017年2月9日,113.25,111.97,113.38,111.73,1.17%
2017年2月8日,111.94,112.36,112.55,111.61,-0.40%
2017年2月7日,112.39,111.75,112.58,111.58,0.57%
2017年2月6日,111.75,112.42,112.81,111.64,-0.84%
2017年2月3日,112.7,112.78,113.45,112.28,-0.10%
2017年2月2日,112.81,113.25,113.36,112.03,-0.39%
2017年2月1日,113.25,112.81,113.97,112.62,0.40%
2017年1月31日,112.8,113.75,113.97,112.06,-0.86%
2017年1月30日,113.78,115.09,115.14,113.44,-1.13%
2017年1月27日,115.08,114.53,115.39,114.39,0.48%
2017年1月26日,114.53,113.28,114.86,113.03,1.10%
2017年1月25日,113.28,113.78,114,113.03,-0.46%
2017年1月24日,113.8,112.7,113.91,112.5,0.98%
2017年1月23日,112.7,114.37,114.45,112.68,-1.68%
2017年1月20日,114.62,114.88,115.41,114.22,-0.22%
2017年1月19日,114.87,114.63,115.62,114.38,0.17%
2017年1月18日,114.67,112.61,114.77,112.56,1.80%
2017年1月17日,112.64,114.19,114.3,112.59,-1.37%
2017年1月16日,114.2,114.55,114.55,113.67,-0.29%
2017年1月13日,114.53,114.72,115.46,114.2,-0.17%
2017年1月12日,114.72,115.42,115.53,113.75,-0.60%
2017年1月11日,115.41,115.78,116.86,114.24,-0.31%
2017年1月10日,115.77,116.02,116.35,115.19,-0.22%
2017年1月9日,116.03,116.91,117.53,115.97,-0.76%
2017年1月6日,116.92,115.36,117.19,115.06,1.35%
2017年1月5日,115.36,117.25,117.44,115.22,-1.63%
2017年1月4日,117.27,117.77,118.19,117.05,-0.41%
2017年1月3日,117.75,117.55,118.61,117.2,0.19%
2017年1月2日,117.53,116.92,117.69,116.72,0.55%
2016年12月30日,116.89,116.56,117.22,116.05,0.29%
2016年12月29日,116.55,117.25,117.27,116.2,-0.60%
2016年12月28日,117.25,117.41,117.83,117.05,-0.14%
2016年12月27日,117.42,117.09,117.64,117.08,0.28%
2016年12月26日,117.09,117.38,117.4,116.99,-0.22%
2016年12月23日,117.35,117.55,117.67,117.18,-0.16%
2016年12月22日,117.54,117.58,117.9,117.26,-0.01%
2016年12月21日,117.55,117.84,118.07,117.08,-0.28%
2016年12月20日,117.88,117.11,118.28,116.99,0.68%
2016年12月19日,117.08,117.89,118.03,116.53,-0.77%
2016年12月16日,117.99,118.18,118.43,117.45,-0.15%
2016年12月15日,118.17,117.05,118.67,116.97,0.96%
2016年12月14日,117.05,115.17,117.39,114.75,1.61%
2016年12月13日,115.19,115.03,115.5,114.73,0.14%
2016年12月12日,115.03,115.22,116.12,114.83,-0.32%
2016年12月9日,115.4,114.04,115.4,114,1.20%
2016年12月8日,114.03,113.73,114.39,113.14,0.23%
2016年12月7日,113.77,114,114.41,113.39,-0.22%
2016年12月6日,114.02,113.88,114.22,113.5,0.16%
2016年12月5日,113.84,113.55,114.8,112.86,0.23%
2016年12月2日,113.58,114.1,114.25,113.33,-0.45%
2016年12月1日,114.09,114.45,114.83,113.81,-0.33%
2016年11月30日,114.47,112.41,114.56,112.05,1.85%
2016年11月29日,112.39,111.94,113.36,111.61,0.40%
2016年11月28日,111.94,113.05,113.12,111.33,-1.01%
2016年11月25日,113.08,113.34,113.91,112.55,-0.23%
2016年11月24日,113.34,112.53,113.58,112.39,0.73%
2016年11月23日,112.52,111.11,112.98,110.83,1.26%
2016年11月22日,111.12,110.81,111.36,110.23,0.26%
2016年11月21日,110.83,110.93,111.4,110.46,-0.11%
2016年11月18日,110.95,110.13,110.98,109.8,0.76%
2016年11月17日,110.11,109.08,110.2,108.55,0.94%
2016年11月16日,109.08,109.19,109.77,108.78,-0.08%
2016年11月15日,109.17,108.42,109.36,107.77,0.69%
2016年11月14日,108.42,106.54,108.56,106.53,1.63%
2016年11月11日,106.68,106.82,106.94,106.01,-0.14%
2016年11月10日,106.83,105.67,106.95,104.97,1.10%
2016年11月9日,105.67,105.14,105.91,101.17,0.48%
2016年11月8日,105.16,104.46,105.22,104.29,0.66%
2016年11月7日,104.47,103.14,104.64,103.09,1.29%
2016年11月4日,103.14,102.98,103.37,102.83,0.16%
2016年11月3日,102.98,103.31,103.45,102.56,-0.32%
2016年11月2日,103.31,104.14,104.19,103,-0.82%
2016年11月1日,104.16,104.84,105.14,103.81,-0.63%
2016年10月31日,104.82,104.69,105.23,104.25,0.11%
2016年10月28日,104.7,105.28,105.55,104.47,-0.56%
2016年10月27日,105.29,104.46,105.35,104.28,0.78%
2016年10月26日,104.47,104.22,104.62,104,0.23%
2016年10月25日,104.23,104.18,104.88,104.1,0.04%
2016年10月24日,104.19,103.86,104.33,103.7,0.35%
2016年10月21日,103.83,103.95,104.23,103.53,-0.12%
2016年10月20日,103.95,103.44,104.11,103.33,0.49%
2016年10月19日,103.44,103.84,103.94,103.16,-0.40%
2016年10月18日,103.86,103.89,104.22,103.67,-0.03%
2016年10月17日,103.89,104.06,104.39,103.77,-0.29%
2016年10月14日,104.19,103.7,104.48,103.59,0.48%
2016年10月13日,103.69,104.22,104.64,103.33,-0.49%
2016年10月12日,104.2,103.52,104.5,103.28,0.66%
2016年10月11日,103.52,103.61,104.08,103.16,-0.09%
2016年10月10日,103.61,103.09,103.81,102.81,0.67%
2016年10月7日,102.92,103.94,104.05,102.86,-0.98%
2016年10月6日,103.94,103.5,104.17,103.33,0.43%
2016年10月5日,103.5,102.89,103.67,102.67,0.59%
2016年10月4日,102.89,101.64,102.97,101.56,1.23%
2016年10月3日,101.64,101.39,101.69,101.22,0.30%
2016年9月30日,101.34,101.03,101.77,100.75,0.31%
2016年9月29日,101.03,100.69,101.86,100.64,0.36%
2016年9月28日,100.67,100.42,100.83,100.25,0.23%
2016年9月27日,100.44,100.33,101,100.08,0.11%
2016年9月26日,100.33,101.05,101.11,100.23,-0.66%
2016年9月23日,101,100.75,101.25,100.67,0.25%
2016年9月22日,100.75,100.33,100.94,100.09,0.44%
2016年9月21日,100.31,101.72,102.81,100.31,-1.38%
2016年9月20日,101.71,101.95,102.08,101.54,-0.23%
2016年9月19日,101.94,102.22,102.42,101.58,-0.35%
2016年9月16日,102.3,102.08,102.47,101.73,0.21%
2016年9月15日,102.09,102.42,102.75,101.92,-0.32%
2016年9月14日,102.42,102.56,103.36,102.25,-0.14%
2016年9月13日,102.56,101.88,102.77,101.42,0.69%
2016年9月12日,101.86,102.69,102.8,101.56,-0.81%
2016年9月9日,102.69,102.48,103.06,101.97,0.19%
2016年9月8日,102.5,101.75,102.61,101.41,0.76%
2016年9月7日,101.73,102.03,102.14,101.2,-0.28%
2016年9月6日,102.02,103.44,103.83,101.94,-1.37%
2016年9月5日,103.44,103.95,104.14,103.14,-0.53%
2016年9月2日,103.99,103.24,104.33,102.81,0.72%
2016年9月1日,103.25,103.42,104.02,103.05,-0.16%
2016年8月31日,103.42,102.95,103.53,102.84,0.44%
2016年8月30日,102.97,101.92,103.14,101.75,1.03%
2016年8月29日,101.92,101.83,102.41,101.83,0.09%
2016年8月26日,101.83,100.53,101.94,100.08,1.29%
2016年8月25日,100.53,100.44,100.62,100.28,0.09%
2016年8月24日,100.44,100.25,100.62,100.08,0.19%
2016年8月23日,100.25,100.33,100.41,99.92,-0.08%
2016年8月22日,100.33,100.42,100.94,100.2,0.11%
2016年8月19日,100.22,99.89,100.46,99.86,0.33%
2016年8月18日,99.89,100.28,100.5,99.64,-0.38%
2016年8月17日,100.27,100.33,101.18,100.05,-0.04%
2016年8月16日,100.31,101.27,101.31,99.56,-0.93%
2016年8月15日,101.25,101.22,101.47,100.86,-0.06%
2016年8月12日,101.31,101.94,102.28,100.83,-0.63%
2016年8月11日,101.95,101.28,102.06,101,0.66%
2016年8月10日,101.28,101.89,101.97,100.95,-0.60%
2016年8月9日,101.89,102.44,102.53,101.77,-0.54%
2016年8月8日,102.44,101.72,102.67,101.72,0.62%
2016年8月5日,101.81,101.22,102.06,100.85,0.58%
2016年8月4日,101.22,101.25,101.67,100.86,-0.01%
2016年8月3日,101.23,100.89,101.58,100.73,0.34%
2016年8月2日,100.89,102.39,102.83,100.67,-1.46%
2016年8月1日,102.39,102.06,102.69,102,0.32%
2016年7月29日,102.06,105.25,105.34,101.95,-3.05%
2016年7月28日,105.27,105.41,105.53,104.53,-0.12%
2016年7月27日,105.4,104.65,106.54,104.61,0.71%
2016年7月26日,104.66,105.81,105.89,104,-1.06%
2016年7月25日,105.78,106.22,106.73,105.73,-0.28%
2016年7月22日,106.08,105.81,106.39,105.56,0.26%
2016年7月21日,105.81,106.86,107.48,105.42,-0.96%
2016年7月20日,106.84,106.14,107.03,105.83,0.68%
2016年7月19日,106.12,106.16,106.53,105.64,-0.04%
2016年7月18日,106.16,105.13,106.26,105.05,1.26%
2016年7月15日,104.84,105.34,106.31,104.64,-0.47%
2016年7月14日,105.34,104.5,105.95,104,0.80%
2016年7月13日,104.5,104.69,104.89,103.91,-0.18%
2016年7月12日,104.69,102.8,104.97,102.42,1.83%
2016年7月11日,102.81,100.44,102.91,100.44,2.25%
2016年7月8日,100.55,100.78,101.25,100.03,-0.23%
2016年7月7日,100.78,101.34,101.44,100.61,-0.54%
2016年7月6日,101.33,101.73,101.78,100.19,-0.38%
2016年7月5日,101.72,102.58,102.61,101.45,-0.82%
2016年7月4日,102.56,102.53,102.81,102.42,0.03%
2016年7月1日,102.53,103.27,103.41,102.42,-0.74%
2016年6月30日,103.29,102.84,103.33,102.36,0.45%
2016年6月29日,102.83,102.77,102.95,102.17,0.07%
2016年6月28日,102.76,102,102.85,101.54,0.75%
2016年6月27日,102,102.11,102.47,101.39,-0.22%
2016年6月24日,102.23,106.17,106.85,99.12,-3.70%
2016年6月23日,106.16,104.42,106.19,104.11,1.68%
2016年6月22日,104.41,104.75,104.86,104.31,-0.32%
2016年6月21日,104.75,103.94,105.06,103.58,0.78%
2016年6月20日,103.94,104.34,104.86,103.78,-0.17%
2016年6月17日,104.12,104.28,104.84,104.09,-0.12%
2016年6月16日,104.25,106,106.03,103.58,-1.67%
2016年6月15日,106.02,106.11,106.39,105.47,-0.08%
2016年6月14日,106.11,106.27,106.42,105.61,-0.13%
2016年6月13日,106.25,106.92,106.92,105.73,-0.68%
2016年6月10日,106.98,107.08,107.28,106.56,-0.10%
2016年6月9日,107.09,106.97,107.19,106.25,0.10%
2016年6月8日,106.98,107.34,107.39,106.58,-0.35%
2016年6月7日,107.36,107.58,107.92,107.17,-0.19%
2016年6月6日,107.56,106.44,107.66,106.36,0.97%
2016年6月3日,106.53,108.88,109.14,106.5,-2.14%
2016年6月2日,108.86,109.53,109.59,108.5,-0.61%
2016年6月1日,109.53,110.69,110.83,109.05,-1.07%
2016年5月31日,110.71,111.13,111.37,110.51,-0.38%
2016年5月30日,111.13,110.42,111.45,110.31,0.82%
2016年5月27日,110.23,109.77,110.47,109.47,0.42%
2016年5月26日,109.77,110.19,110.25,109.39,-0.38%
2016年5月25日,110.19,110,110.47,109.86,0.18%
2016年5月24日,109.99,109.23,110.12,109.15,0.70%
2016年5月23日,109.23,110.09,110.25,109.09,-0.84%
2016年5月20日,110.15,109.96,110.59,109.84,0.16%
2016年5月19日,109.97,110.19,110.39,109.69,-0.20%
2016年5月18日,110.19,109.14,110.27,108.72,0.96%
2016年5月17日,109.14,109.03,109.66,108.83,0.10%
2016年5月16日,109.03,108.56,109.11,108.44,0.39%
2016年5月13日,108.61,109.02,109.5,108.52,-0.39%
2016年5月12日,109.03,108.42,109.41,108.22,0.56%
2016年5月11日,108.42,109.27,109.39,108.36,-0.78%
2016年5月10日,109.27,108.34,109.36,108.25,0.87%
2016年5月9日,108.33,107.11,108.61,107.02,1.13%
2016年5月6日,107.12,107.28,107.44,106.45,-0.12%
2016年5月5日,107.25,107,107.5,106.8,0.21%
2016年5月4日,107.02,106.61,107.47,106.25,0.38%
2016年5月3日,106.61,106.42,106.69,105.53,0.18%
2016年5月2日,106.42,106.29,106.83,106.16,0.06%
2016年4月29日,106.36,108.11,108.2,106.28,-1.62%
2016年4月28日,108.11,111.5,111.92,107.88,-3.01%
2016年4月27日,111.47,111.31,111.77,111.02,0.14%
2016年4月26日,111.31,111.2,111.48,110.66,0.10%
2016年4月25日,111.2,111.56,111.92,110.83,-0.53%
2016年4月22日,111.79,109.46,111.82,109.25,2.14%
2016年4月21日,109.45,109.88,109.91,109.31,-0.36%
2016年4月20日,109.84,109.2,109.89,108.75,0.59%
2016年4月19日,109.2,108.83,109.52,108.76,0.34%
2016年4月18日,108.83,108.23,109,107.83,0.06%
2016年4月15日,108.77,109.41,109.77,108.61,-0.58%
2016年4月14日,109.4,109.36,109.57,108.91,0.05%
2016年4月13日,109.34,108.53,109.41,108.48,0.73%
2016年4月12日,108.55,107.93,108.8,107.84,0.57%
2016年4月11日,107.94,108.05,108.44,107.61,-0.11%
2016年4月8日,108.06,108.2,109.11,108.01,-0.15%
2016年4月7日,108.22,109.78,109.86,107.67,-1.44%
2016年4月6日,109.8,110.32,110.64,109.31,-0.48%
2016年4月5日,110.33,111.32,111.36,109.94,-0.90%
2016年4月4日,111.33,111.68,111.81,111.06,-0.30%
2016年4月1日,111.67,112.56,112.59,111.56,-0.81%
2016年3月31日,112.58,112.39,112.67,112.08,0.14%
2016年3月30日,112.42,112.69,112.81,111.99,-0.24%
2016年3月29日,112.69,113.42,113.81,112.58,-0.67%
2016年3月28日,113.45,113.08,113.7,113.03,0.34%
2016年3月25日,113.07,112.91,113.33,112.73,0.14%
2016年3月24日,112.91,112.37,113.02,112.27,0.47%
2016年3月23日,112.38,112.36,112.93,112.12,0.00%
2016年3月22日,112.38,111.94,112.5,111.36,0.39%
2016年3月21日,111.94,111.43,111.98,111.2,0.33%
2016年3月18日,111.57,111.38,111.77,110.8,0.16%
2016年3月17日,111.39,112.53,112.97,110.65,-1.07%
2016年3月16日,112.59,113.14,113.83,112.31,-0.53%
2016年3月15日,113.19,113.81,113.94,112.61,-0.56%
2016年3月14日,113.83,113.82,114.02,113.48,0.02%
2016年3月11日,113.81,113.18,113.92,112.76,0.55%
2016年3月10日,113.19,113.34,114.45,112.61,-0.13%
2016年3月9日,113.34,112.62,113.48,112.2,0.65%
2016年3月8日,112.61,113.45,113.52,112.41,-0.76%
2016年3月7日,113.47,113.78,114.09,113.2,-0.25%
2016年3月4日,113.76,113.68,114.26,113.15,0.06%
2016年3月3日,113.69,113.48,114.28,113.28,0.19%
2016年3月2日,113.48,114,114.58,113.19,-0.46%
2016年3月1日,114.01,112.67,114.21,112.14,1.17%
2016年2月29日,112.69,113.84,114.01,112.62,-1.15%
2016年2月26日,114,112.98,114,112.54,0.88%
2016年2月25日,113,112.17,113.03,111.87,0.72%
2016年2月24日,112.19,112.09,112.28,111.04,0.07%
2016年2月23日,112.11,112.88,113.06,111.75,-0.72%
2016年2月22日,112.92,112.61,113.39,112.34,0.31%
2016年2月19日,112.57,113.23,113.4,112.28,-0.60%
2016年2月18日,113.25,114.09,114.33,113.11,-0.75%
2016年2月17日,114.11,114.06,114.52,113.35,0.03%
2016年2月16日,114.08,114.57,114.89,113.57,-0.44%
2016年2月15日,114.58,113.2,114.72,113.04,1.20%
2016年2月12日,113.22,112.4,113.55,111.72,0.71%
2016年2月11日,112.42,113.31,113.59,110.98,-0.81%
2016年2月10日,113.34,115.12,115.28,113.12,-1.54%
2016年2月9日,115.11,115.84,115.86,114.22,-0.63%
2016年2月8日,115.84,116.88,117.53,115.17,-0.91%
2016年2月5日,116.9,116.77,117.42,116.42,0.11%
2016年2月4日,116.77,117.88,118.25,116.5,-0.98%
2016年2月3日,117.92,119.94,120.06,117.03,-1.71%
2016年2月2日,119.97,120.98,121.06,119.82,-0.83%
2016年2月1日,120.98,121.1,121.48,120.66,-0.07%
2016年1月29日,121.06,118.8,121.7,118.48,1.88%
2016年1月28日,118.83,118.67,119,118.39,0.13%
2016年1月27日,118.67,118.41,119.08,118.01,0.21%
2016年1月26日,118.42,118.29,118.62,117.63,0.10%
2016年1月25日,118.3,118.5,118.86,118.16,-0.40%
2016年1月22日,118.78,117.7,118.89,117.52,0.92%
2016年1月21日,117.7,116.92,117.83,116.45,0.65%
2016年1月20日,116.94,117.61,117.69,115.96,-0.60%
2016年1月19日,117.64,117.31,118.13,117.23,0.26%
2016年1月18日,117.34,116.88,117.47,116.55,0.24%
2016年1月15日,117.06,118.02,118.28,116.49,-0.84%
2016年1月14日,118.05,117.66,118.28,117.27,0.31%
2016年1月13日,117.69,117.64,118.39,117.61,0.04%
2016年1月12日,117.64,117.73,118.08,117.2,-0.11%
2016年1月11日,117.77,117.43,118.03,116.68,0.27%
2016年1月8日,117.45,117.66,118.77,117.42,-0.20%
2016年1月7日,117.68,118.46,118.77,117.3,-0.67%
2016年1月6日,118.47,119.05,119.17,118.22,-0.50%
2016年1月5日,119.06,119.41,119.71,118.77,-0.32%
2016年1月4日,119.44,120.27,120.47,118.68,-0.74%
2016年1月1日,120.33,120.27,120.33,120.27,0.01%
2015年12月31日,120.32,120.49,120.6,119.98,-0.17%
2015年12月30日,120.52,120.46,120.67,120.32,0.04%
2015年12月29日,120.47,120.38,120.5,120.2,0.05%
2015年12月28日,120.41,120.22,120.66,120.15,-0.01%
2015年12月25日,120.42,120.46,120.48,120.02,-0.02%
2015年12月24日,120.44,120.9,121,120.22,-0.41%
2015年12月23日,120.93,121.06,121.14,120.78,-0.12%
2015年12月22日,121.08,121.16,121.33,120.7,-0.09%
2015年12月21日,121.19,121.21,121.55,120.83,-0.02%
2015年12月18日,121.22,122.55,123.6,121.04,-1.09%
2015年12月17日,122.56,122.19,122.88,122.17,0.28%
2015年12月16日,122.22,121.65,122.42,121.41,0.44%
2015年12月15日,121.68,121.02,121.82,120.55,0.54%
2015年12月14日,121.03,120.96,121.36,120.32,0.14%
2015年12月11日,120.86,121.58,122.22,120.57,-0.61%
2015年12月10日,121.6,121.45,121.89,121.23,0.13%
2015年12月9日,121.44,122.92,123.06,121.05,-1.20%
2015年12月8日,122.92,123.36,123.42,122.69,-0.37%
2015年12月7日,123.38,123.2,123.47,123.12,0.17%
2015年12月4日,123.17,122.57,123.38,122.44,0.46%
2015年12月3日,122.61,123.24,123.58,122.27,-0.52%
2015年12月2日,123.25,122.87,123.67,122.8,0.31%
2015年12月1日,122.87,123.08,123.29,122.62,-0.19%
2015年11月30日,123.1,122.79,123.36,122.66,0.21%
2015年11月27日,122.84,122.6,122.89,122.28,0.18%
2015年11月26日,122.62,122.68,122.75,122.47,-0.08%
2015年11月25日,122.72,122.51,122.95,122.23,0.16%
2015年11月24日,122.53,122.83,122.97,122.29,-0.25%
2015年11月23日,122.84,122.77,123.28,122.73,-0.06%
2015年11月20日,122.91,122.85,123.07,122.7,0.04%
2015年11月19日,122.86,123.62,123.64,122.6,-0.63%
2015年11月18日,123.64,123.43,123.69,123.19,0.15%
2015年11月17日,123.45,123.17,123.5,123.14,0.23%
2015年11月16日,123.17,122.32,123.3,122.2,0.43%
2015年11月13日,122.64,122.59,123,122.43,0.02%
2015年11月12日,122.61,122.85,123.09,122.53,-0.19%
2015年11月11日,122.84,123.16,123.25,122.73,-0.24%
2015年11月10日,123.14,123.17,123.45,123,-0.04%
2015年11月9日,123.19,123.14,123.61,122.95,0.02%
2015年11月6日,123.16,121.74,123.29,121.6,1.16%
2015年11月5日,121.75,121.56,122.01,121.35,0.16%
2015年11月4日,121.56,121.06,121.73,120.98,0.41%
2015年11月3日,121.06,120.73,121.23,120.57,0.26%
2015年11月2日,120.75,120.63,120.81,120.24,0.11%
2015年10月30日,120.62,121.12,121.47,120.26,-0.42%
2015年10月29日,121.13,121.08,121.19,120.56,0.03%
2015年10月28日,121.09,120.44,121.28,120.23,0.52%
2015年10月27日,120.46,121.1,121.11,120.14,-0.52%
2015年10月26日,121.09,121.41,121.53,120.59,-0.31%
2015年10月23日,121.47,120.69,121.5,120.21,0.65%
2015年10月22日,120.69,119.9,120.79,119.59,0.62%
2015年10月21日,119.95,119.83,120.11,119.73,0.09%
2015年10月20日,119.84,119.47,119.98,119.38,0.28%
2015年10月19日,119.5,119.47,119.58,119.12,0.05%
2015年10月16日,119.44,118.88,119.69,118.8,0.46%
2015年10月15日,118.89,118.81,119.18,118.04,0.05%
2015年10月14日,118.83,119.73,119.81,118.62,-0.77%
2015年10月13日,119.75,120.04,120.08,119.53,-0.23%
2015年10月12日,120.03,120.24,120.28,119.86,-0.21%
2015年10月9日,120.28,119.93,120.38,119.82,0.28%
2015年10月8日,119.94,120,120.12,119.6,-0.07%
2015年10月7日,120.02,120.2,120.36,119.72,-0.19%
2015年10月6日,120.25,120.46,120.58,120.08,-0.17%
2015年10月5日,120.46,119.97,120.56,119.85,0.46%
2015年10月2日,119.91,119.92,120.42,118.67,-0.03%
2015年10月1日,119.94,119.85,120.3,119.48,0.07%
2015年9月30日,119.86,119.72,120.38,119.54,0.11%
2015年9月29日,119.73,119.91,120.17,119.22,-0.16%
2015年9月28日,119.92,120.51,120.59,119.67,-0.55%
2015年9月25日,120.58,120.06,121.26,119.99,0.42%
2015年9月24日,120.08,120.25,120.41,119.21,-0.18%
2015年9月23日,120.3,120.12,120.56,119.61,0.12%
2015年9月22日,120.15,120.56,120.64,119.68,-0.33%
2015年9月21日,120.55,119.79,120.67,119.71,0.46%
2015年9月18日,120,119.98,120.3,119.03,0.00%
2015年9月17日,120,120.54,121.02,119.77,-0.46%
2015年9月16日,120.56,120.4,120.73,120.08,0.10%
2015年9月15日,120.44,120.23,120.67,119.38,0.17%
2015年9月14日,120.23,120.58,120.84,119.83,-0.29%
2015年9月11日,120.58,120.6,120.99,120.34,-0.02%
2015年9月10日,120.61,120.51,121.34,119.95,0.08%
2015年9月9日,120.51,119.81,121.22,119.78,0.58%
2015年9月8日,119.81,119.27,120.23,118.83,0.44%
2015年9月7日,119.28,118.65,119.58,118.65,0.24%
2015年9月4日,119,120.05,120.19,118.75,-0.90%
2015年9月3日,120.08,120.32,120.7,119.62,-0.21%
2015年9月2日,120.33,119.37,120.47,119.2,0.80%
2015年9月1日,119.38,121.2,121.28,119.26,-1.52%
2015年8月31日,121.22,121.65,121.75,120.86,-0.41%
2015年8月28日,121.72,121,121.73,120.63,0.57%
2015年8月27日,121.03,119.9,121.39,119.77,0.93%
2015年8月26日,119.92,118.84,120.03,118.43,0.87%
2015年8月25日,118.88,118.39,120.41,118.23,0.39%
2015年8月24日,118.42,121.68,122.04,116.46,-2.96%
2015年8月21日,122.03,123.4,123.5,121.8,-1.12%
2015年8月20日,123.41,123.78,124.17,123.31,-0.32%
2015年8月19日,123.81,124.39,124.5,123.68,-0.48%
2015年8月18日,124.41,124.37,124.53,124.16,0.02%
2015年8月17日,124.39,124.39,124.58,124.19,0.06%
2015年8月14日,124.31,124.4,124.56,124.02,-0.09%
2015年8月13日,124.42,124.18,124.64,124.06,0.17%
2015年8月12日,124.21,125.1,125.29,123.77,-0.74%
2015年8月11日,125.13,124.61,125.23,124.49,0.40%
2015年8月10日,124.63,124.13,124.8,124.12,0.33%
2015年8月7日,124.22,124.74,125.08,124.08,-0.42%
2015年8月6日,124.74,124.85,124.97,124.52,-0.13%
2015年8月5日,124.9,124.38,125.03,123.99,0.41%
2015年8月4日,124.39,124,124.41,123.77,0.29%
2015年8月3日,124.03,124,124.3,123.83,0.07%
2015年7月31日,123.94,124.15,124.39,123.5,-0.16%
2015年7月30日,124.14,123.93,124.58,123.85,0.16%
2015年7月29日,123.94,123.56,124.03,123.3,0.31%
2015年7月28日,123.56,123.25,123.81,123.04,0.25%
2015年7月27日,123.25,123.71,123.86,122.98,-0.46%
2015年7月24日,123.82,123.9,124.12,123.57,-0.08%
2015年7月23日,123.92,123.94,124.2,123.65,-0.04%
2015年7月22日,123.97,123.85,124.17,123.54,0.06%
2015年7月21日,123.89,124.26,124.5,123.73,-0.31%
2015年7月20日,124.27,124.06,124.39,123.96,0.15%
2015年7月17日,124.08,124.15,124.23,123.89,-0.06%
2015年7月16日,124.16,123.76,124.19,123.71,0.31%
2015年7月15日,123.78,123.36,123.99,123.23,0.32%
2015年7月14日,123.38,123.42,123.75,122.91,-0.05%
2015年7月13日,123.44,122,123.55,122,0.56%
2015年7月10日,122.75,121.33,122.89,121.25,1.16%
2015年7月9日,121.34,120.71,121.58,120.44,0.53%
2015年7月8日,120.7,122.52,122.58,120.38,-1.51%
2015年7月7日,122.55,122.56,122.89,121.98,-0.02%
2015年7月6日,122.58,122.05,122.94,121.72,-0.19%
2015年7月3日,122.81,123.03,123.2,122.57,-0.20%
2015年7月2日,123.06,123.16,123.75,122.94,-0.09%
2015年7月1日,123.17,122.46,123.25,122.33,0.55%
2015年6月30日,122.5,122.53,122.73,121.92,-0.03%
2015年6月29日,122.54,122.7,123.2,122.1,-1.07%
2015年6月26日,123.86,123.6,123.98,123.2,0.19%
2015年6月25日,123.62,123.84,123.97,123.3,-0.19%
2015年6月24日,123.85,123.93,124.38,123.69,-0.08%
2015年6月23日,123.95,123.35,124.19,123.32,0.46%
2015年6月22日,123.38,122.81,123.44,122.54,0.58%
2015年6月19日,122.67,122.95,123.25,122.53,-0.24%
2015年6月18日,122.97,123.42,123.61,122.46,-0.38%
2015年6月17日,123.44,123.34,124.45,123.19,0.06%
2015年6月16日,123.36,123.41,123.79,123.27,-0.05%
2015年6月15日,123.42,123.34,123.67,123.1,0.02%
2015年6月12日,123.39,123.39,123.83,123.11,-0.02%
2015年6月11日,123.42,122.67,124.15,122.6,0.61%
2015年6月10日,122.67,124.32,124.64,122.43,-1.34%
2015年6月9日,124.34,124.46,124.75,123.84,-0.11%
2015年6月8日,124.48,125.58,125.69,124.28,-0.91%
2015年6月5日,125.62,124.35,125.86,124.32,1.00%
2015年6月4日,124.38,124.24,124.69,123.76,0.10%
2015年6月3日,124.25,124.11,124.69,123.77,0.11%
2015年6月2日,124.11,124.76,125.06,123.74,-0.54%
2015年6月1日,124.78,124.1,124.93,123.85,0.52%
2015年5月29日,124.14,123.95,124.22,123.58,0.15%
2015年5月28日,123.95,123.61,124.47,123.47,0.23%
2015年5月27日,123.67,123.05,124.08,122.76,0.45%
2015年5月26日,123.11,121.55,123.34,121.48,1.28%
2015年5月25日,121.56,121.48,121.78,121.42,0.01%
2015年5月22日,121.55,121.02,121.58,120.61,0.42%
2015年5月21日,121.04,121.31,121.4,120.82,-0.26%
2015年5月20日,121.36,120.68,121.48,120.56,0.56%
2015年5月19日,120.69,119.98,120.73,119.8,0.58%
2015年5月18日,119.99,119.25,120.04,119.22,0.59%
2015年5月15日,119.29,119.13,119.95,119.13,0.10%
2015年5月14日,119.17,119.15,119.38,118.86,0.01%
2015年5月13日,119.16,119.86,119.99,119.01,-0.58%
2015年5月12日,119.86,120.07,120.28,119.76,-0.18%
2015年5月11日,120.08,119.65,120.17,119.43,0.23%
2015年5月8日,119.81,119.72,120.25,119.58,0.07%
2015年5月7日,119.73,119.43,119.86,119.03,0.22%
2015年5月6日,119.47,119.84,120.08,119.18,-0.32%
2015年5月5日,119.85,120.1,120.54,119.71,-0.24%
2015年5月4日,120.14,120.15,120.31,119.97,-0.02%
2015年5月1日,120.17,119.37,120.3,119.34,0.68%
2015年4月30日,119.36,118.98,119.92,118.47,0.27%
2015年4月29日,119.04,118.82,119.38,118.58,0.15%
2015年4月28日,118.86,119,119.22,118.75,-0.15%
2015年4月27日,119.04,118.98,119.44,118.75,0.05%
2015年4月24日,118.98,119.58,119.67,118.8,-0.50%
2015年4月23日,119.58,119.91,120.11,119.4,-0.28%
2015年4月22日,119.92,119.65,119.97,119.32,0.21%
2015年4月21日,119.67,119.14,119.83,119.14,0.39%
2015年4月20日,119.2,118.8,119.45,118.51,0.24%
2015年4月17日,118.92,118.99,119.28,118.54,-0.08%
2015年4月16日,119.01,119.15,119.49,118.77,-0.12%
2015年4月15日,119.15,119.39,119.76,118.76,-0.20%
2015年4月14日,119.39,120.1,120.19,119.04,-0.62%
2015年4月13日,120.14,120.19,120.88,119.74,-0.07%
2015年4月10日,120.22,120.59,120.64,120.03,-0.31%
2015年4月9日,120.59,120.12,120.76,119.83,0.37%
2015年4月8日,120.14,120.24,120.36,119.62,-0.12%
2015年4月7日,120.28,119.52,120.45,119.41,0.63%
2015年4月6日,119.53,118.93,119.69,118.77,0.47%
2015年4月3日,118.97,119.71,119.8,118.69,-0.63%
2015年4月2日,119.72,119.76,119.91,119.42,-0.04%
2015年4月1日,119.77,120.1,120.34,119.4,-0.31%
2015年3月31日,120.14,120.06,120.38,119.76,0.05%
2015年3月30日,120.08,119.12,120.23,119.09,0.79%
2015年3月27日,119.14,119.18,119.53,118.91,-0.05%
2015年3月26日,119.2,119.48,119.59,118.3,-0.25%
2015年3月25日,119.5,119.75,119.85,119.22,-0.21%
2015年3月24日,119.75,119.71,120,119.21,0.02%
2015年3月23日,119.73,120.05,120.17,119.57,-0.25%
2015年3月20日,120.03,120.79,121.2,119.88,-0.64%
2015年3月19日,120.8,120.09,121.05,119.66,0.57%
2015年3月18日,120.11,121.36,121.42,119.38,-1.03%
2015年3月17日,121.36,121.32,121.53,121.09,0.02%
2015年3月16日,121.33,121.37,121.5,121.07,-0.05%
2015年3月13日,121.39,121.27,121.58,121.11,0.07%
2015年3月12日,121.3,121.42,121.69,120.67,-0.12%
2015年3月11日,121.45,121.11,121.63,120.85,0.26%
2015年3月10日,121.14,121.15,122.03,120.91,-0.02%
2015年3月9日,121.16,120.8,121.42,120.58,0.26%
2015年3月6日,120.84,120.12,121.29,119.88,0.57%
2015年3月5日,120.15,119.65,120.41,119.6,0.39%
2015年3月4日,119.68,119.72,119.85,119.45,-0.04%
2015年3月3日,119.73,120.12,120.27,119.35,-0.33%
2015年3月2日,120.13,119.55,120.19,119.55,0.49%
2015年2月27日,119.54,119.41,119.82,119.09,0.10%
2015年2月26日,119.42,118.86,119.51,118.65,0.47%
2015年2月25日,118.86,118.96,119.08,118.59,-0.10%
2015年2月24日,118.98,118.81,119.84,118.74,0.14%
2015年2月23日,118.81,119,119.36,118.71,-0.18%
2015年2月20日,119.03,118.93,119.2,118.27,0.08%
2015年2月19日,118.94,118.78,119.19,118.45,0.13%
2015年2月18日,118.79,119.25,119.42,118.52,-0.39%
2015年2月17日,119.25,118.46,119.44,118.21,0.65%
2015年2月16日,118.48,118.74,118.87,118.16,-0.23%
2015年2月13日,118.75,119.1,119.22,118.4,-0.30%
2015年2月12日,119.11,120.45,120.47,118.49,-1.13%
2015年2月11日,120.47,119.41,120.5,119.26,0.87%
2015年2月10日,119.43,118.61,119.63,118.37,0.67%
2015年2月9日,118.64,119.16,119.2,118.31,-0.29%
2015年2月6日,118.98,117.51,119.24,117.16,1.23%
2015年2月5日,117.53,117.24,117.61,116.99,0.21%
2015年2月4日,117.28,117.55,118,117.05,-0.25%
2015年2月3日,117.57,117.6,117.76,116.86,-0.02%
2015年2月2日,117.59,117.45,117.88,116.65,0.12%
2015年1月30日,117.45,118.29,118.47,117.28,-0.71%
2015年1月29日,118.29,117.53,118.51,117.36,0.63%
2015年1月28日,117.55,117.85,118.27,117.25,-0.27%
2015年1月27日,117.87,118.45,118.67,117.32,-0.50%
2015年1月26日,118.46,117.76,118.51,117.25,0.58%
2015年1月23日,117.78,118.48,118.84,117.52,-0.60%
2015年1月22日,118.49,117.93,118.67,117.24,0.46%
2015年1月21日,117.95,118.79,118.86,117.16,-0.72%
2015年1月20日,118.81,117.55,118.89,117.53,1.05%
2015年1月19日,117.57,117.6,117.8,116.91,-0.06%
2015年1月16日,117.64,116.15,117.78,115.82,1.27%
2015年1月15日,116.17,117.32,117.94,116.13,-0.99%
2015年1月14日,117.33,117.93,117.97,116.05,-0.51%
2015年1月13日,117.93,118.33,118.85,117.53,-0.35%
2015年1月12日,118.35,118.5,119.34,118.08,-0.15%